{
  "name": "RosterBhai Development",
  "image": "mcr.microsoft.com/devcontainers/typescript-node:1-20-bullseye",
  "features": {
    "ghcr.io/devcontainers/features/node:1": {
      "version": "20"
    }
  },
  "customizations": {
    "vscode": {
      "extensions": [
        "dbaeumer.vscode-eslint"
      ]
    }
  },
  "forwardPorts": [3000],
  "portsAttributes": {
    "3000": {
      "label": "RosterBhai App",
      "onAutoForward": "notify"
    }
  },
  "postCreateCommand": "npm install",
  "postStartCommand": "npm run dev"
}
