{
  "credentials": [
    {
      "employee_id": "SLL-88818",
      "password": "SLL-88818",
      "created_at": "2025-11-04T12:52:04.647Z",
      "last_updated": "2025-11-04T12:52:04.647Z"
    },
    {
      "employee_id": "SLL-88337",
      "password": "SLL-88337",
      "created_at": "2025-11-04T12:52:04.647Z",
      "last_updated": "2025-11-04T12:52:04.647Z"
    },
    {
      "employee_id": "SLL-88717",
      "password": "SLL-88717",
      "created_at": "2025-11-04T12:52:04.647Z",
      "last_updated": "2025-11-04T12:52:04.647Z"
    },
    {
      "employee_id": "SLL-88344",
      "password": "SLL-88344",
      "created_at": "2025-11-04T12:52:04.647Z",
      "last_updated": "2025-11-04T12:52:04.647Z"
    },
    {
      "employee_id": "SLL-88843",
      "password": "SLL-88843",
      "created_at": "2025-11-04T12:52:04.648Z",
      "last_updated": "2025-11-04T12:52:04.648Z"
    },
    {
      "employee_id": "SLL-88648",
      "password": "SLL-88648",
      "created_at": "2025-11-04T12:52:04.648Z",
      "last_updated": "2025-11-04T12:52:04.648Z"
    },
    {
      "employee_id": "SLL-88835",
      "password": "SLL-88835",
      "created_at": "2025-11-04T12:52:04.648Z",
      "last_updated": "2025-11-04T12:52:04.648Z"
    },
    {
      "employee_id": "SLL-88715",
      "password": "SLL-88715",
      "created_at": "2025-11-04T12:52:04.648Z",
      "last_updated": "2025-11-04T12:52:04.648Z"
    },
    {
      "employee_id": "SLL-81019",
      "password": "SLL-81019",
      "created_at": "2025-11-04T12:52:04.648Z",
      "last_updated": "2025-11-04T12:52:04.648Z"
    },
    {
      "employee_id": "SLL-81020",
      "password": "SLL-81020",
      "created_at": "2025-11-04T12:52:04.648Z",
      "last_updated": "2025-11-04T12:52:04.648Z"
    },
    {
      "employee_id": "SLL-81051",
      "password": "SLL-81051",
      "created_at": "2025-11-04T12:52:04.648Z",
      "last_updated": "2025-11-04T12:52:04.648Z"
    },
    {
      "employee_id": "SLL-81052",
      "password": "SLL-81052",
      "created_at": "2025-11-04T12:52:04.648Z",
      "last_updated": "2025-11-04T12:52:04.648Z"
    },
    {
      "employee_id": "SLL-81054",
      "password": "SLL-81054",
      "created_at": "2025-11-04T12:52:04.648Z",
      "last_updated": "2025-11-04T12:52:04.648Z"
    },
    {
      "employee_id": "SLL-88849",
      "password": "SLL-88849",
      "created_at": "2025-11-04T12:52:04.648Z",
      "last_updated": "2025-11-04T12:52:04.648Z"
    },
    {
      "employee_id": "SLL-88850",
      "password": "SLL-88850",
      "created_at": "2025-11-04T12:52:04.648Z",
      "last_updated": "2025-11-04T12:52:04.648Z"
    },
    {
      "employee_id": "SLL-88851",
      "password": "SLL-88851",
      "created_at": "2025-11-04T12:52:04.648Z",
      "last_updated": "2025-11-04T12:52:04.648Z"
    },
    {
      "employee_id": "SLL-81007",
      "password": "SLL-81007",
      "created_at": "2025-11-04T12:52:04.648Z",
      "last_updated": "2025-11-04T12:52:04.648Z"
    },
    {
      "employee_id": "SLL-81057",
      "password": "SLL-81057",
      "created_at": "2025-11-04T12:52:04.648Z",
      "last_updated": "2025-11-04T12:52:04.648Z"
    },
    {
      "employee_id": "SLL-88714",
      "password": "SLL-88714",
      "created_at": "2025-11-04T12:52:04.648Z",
      "last_updated": "2025-11-04T12:52:04.648Z"
    },
    {
      "employee_id": "SLL-88205",
      "password": "SLL-88205",
      "created_at": "2025-11-04T12:52:04.648Z",
      "last_updated": "2025-11-04T12:52:04.648Z"
    },
    {
      "employee_id": "SLL-88852",
      "password": "SLL-88852",
      "created_at": "2025-11-04T12:52:04.648Z",
      "last_updated": "2025-11-04T12:52:04.648Z"
    },
    {
      "employee_id": "SLL-88328",
      "password": "SLL-88328",
      "created_at": "2025-11-04T12:52:04.648Z",
      "last_updated": "2025-11-04T12:52:04.648Z"
    },
    {
      "employee_id": "SLL-88848",
      "password": "SLL-88848",
      "created_at": "2025-11-04T12:52:04.648Z",
      "last_updated": "2025-11-04T12:52:04.648Z"
    },
    {
      "employee_id": "SLL-88847",
      "password": "SLL-88847",
      "created_at": "2025-11-04T12:52:04.648Z",
      "last_updated": "2025-11-04T12:52:04.648Z"
    },
    {
      "employee_id": "SLL-88592",
      "password": "SLL-88592",
      "created_at": "2025-11-04T12:52:04.648Z",
      "last_updated": "2025-11-04T12:52:04.648Z"
    },
    {
      "employee_id": "SLL-88813",
      "password": "SLL-88813",
      "created_at": "2025-11-04T12:52:04.648Z",
      "last_updated": "2025-11-04T12:52:04.648Z"
    },
    {
      "employee_id": "SLL-88329",
      "password": "SLL-88329",
      "created_at": "2025-11-04T12:52:04.648Z",
      "last_updated": "2025-11-04T12:52:04.648Z"
    },
    {
      "employee_id": "SLL-81053",
      "password": "SLL-81053",
      "created_at": "2025-11-04T12:52:04.648Z",
      "last_updated": "2025-11-04T12:52:04.648Z"
    },
    {
      "employee_id": "SLL-81095",
      "password": "SLL-81095",
      "created_at": "2025-11-04T12:52:04.648Z",
      "last_updated": "2025-11-04T12:52:04.648Z"
    },
    {
      "employee_id": "SLL-81094",
      "password": "SLL-81094",
      "created_at": "2025-11-04T12:52:04.648Z",
      "last_updated": "2025-11-04T12:52:04.648Z"
    },
    {
      "employee_id": "SLL-88842",
      "password": "SLL-88842",
      "created_at": "2025-11-04T12:52:04.648Z",
      "last_updated": "2025-11-04T12:52:04.648Z"
    },
    {
      "employee_id": "SLL-88479",
      "password": "SLL-88479",
      "created_at": "2025-11-04T12:52:04.648Z",
      "last_updated": "2025-11-04T12:52:04.648Z"
    },
    {
      "employee_id": "SLL-88477",
      "password": "SLL-88477",
      "created_at": "2025-11-04T12:52:04.648Z",
      "last_updated": "2025-11-04T12:52:04.648Z"
    },
    {
      "employee_id": "SLL-88649",
      "password": "SLL-88649",
      "created_at": "2025-11-04T12:52:04.648Z",
      "last_updated": "2025-11-04T12:52:04.648Z"
    },
    {
      "employee_id": "SLL-88604",
      "password": "SLL-88604",
      "created_at": "2025-11-04T12:52:04.648Z",
      "last_updated": "2025-11-04T12:52:04.648Z"
    },
    {
      "employee_id": "SLL-88834",
      "password": "SLL-88834",
      "created_at": "2025-11-04T12:52:04.648Z",
      "last_updated": "2025-11-04T12:52:04.648Z"
    }
  ]
}